source	subsystem	label	n_tags	n_observations	tag_share	observation_share
ImportS7Device	Drives	Drives	245	809883172	0.338865836791148	0.6808345579621983
ImportS7Device	General	General	49	130908115	0.0677731673582296	0.11004892025301845
ImportS7Device	CBM	CBM	10	78698273	0.013831258644536652	0.06615831241193317
ImportS7Device	Energy	Energy	51	60742482	0.07053941908713693	0.051063637709460624
ImportS7Device	Hyd	Hyd	37	43673540	0.051175656984785614	0.036714499484061865
ImportS7Device	Joysticks	Joysticks	6	21716740	0.008298755186721992	0.018256345593361693
ImportS7Device	Encoders	Encoders	21	20842339	0.029045643153526972	0.017521273623849646
ImportS7Device	SafetySystems	SafetySystems	42	13561207	0.058091286307053944	0.011400333643775067
SharingOPCUA	UTL	SharingOPCUA.UTL	49	3457524	0.0677731673582296	0.0029065943157832296
ImportS7Device	HVAC	HVAC	24	2727855	0.03319502074688797	0.0022931924224621034
ImportS7Device	Interlocks	Interlocks	51	1548304	0.07053941908713693	0.0013015937432406652
ImportS7Device	LoadCells	LoadCells	18	598856	0.024896265560165973	0.0005034329322291564
ImportS7Device	CM	CM	29	273023	0.040110650069156296	0.0002295188984597315
ImportS7Device	BCMS	BCMS	24	266715	0.03319502074688797	0.00022421602942860962
ImportS7Device	OutsideTemp	OutsideTemp	5	187495	0.006915629322268326	0.00015761912317536383
ImportS7Device	BrakeTest	BrakeTest	22	157128	0.030428769017980636	0.0001320908695501137
ImportS7Device	Limits	Limits	12	88324	0.016597510373443983	7.425025432859988e-05
ImportS7Device	FleetReport	FleetReport	9	77823	0.012448132780082987	6.542250738887084e-05
ImportS7Device	Internal	Internal	9	64260	0.012448132780082987	5.402066644576591e-05
ImportS7Device	Recipes	Recipes	6	42840	0.008298755186721992	3.6013777630510605e-05
ImportS7Device	PowerSupply	PowerSupply	4	28732	0.005532503457814661	2.4153778218483443e-05
