plot_y	rank	short_tag	tagname	count	share	cumulative_share
1	1	Drives.EmergRectifier.Power	ImportS7Device.Drives.EmergRectifier.Power	94845217	0.07973236588131476	0.07973236588131476
2	2	Drives.MainRectifier.Power	ImportS7Device.Drives.MainRectifier.Power	94827904	0.07971781157384238	0.15945017745515713
3	3	Drives.MainRectifier.DCLinkVoltage	ImportS7Device.Drives.MainRectifier.DCLinkVoltage	89619061	0.07533895738350059	0.23478913483865774
4	4	Drives.EmergRectifier.DCLinkVoltage	ImportS7Device.Drives.EmergRectifier.DCLinkVoltage	88588072	0.07447224849961866	0.3092613833382764
5	5	Drives.EmergRectifier.SupplyVoltage	ImportS7Device.Drives.EmergRectifier.SupplyVoltage	85852947	0.07217294449537845	0.38143432783365483
6	6	Drives.MainRectifier.SupplyVoltage	ImportS7Device.Drives.MainRectifier.SupplyVoltage	85719119	0.07206044095119694	0.4534947687848518
7	7	General.BoomLoad	ImportS7Device.General.BoomLoad	31721362	0.026666808524858292	0.48016157730971004
8	8	Drives.Hoist_Status.ActualTorque	ImportS7Device.Drives.Hoist_Status.ActualTorque	31183714	0.026214830571648938	0.506376407881359
9	9	CBM.LuffingWinch_Moment	ImportS7Device.CBM.LuffingWinch_Moment	29326362	0.02465343323482391	0.5310298411161829
10	10	CBM.MainHoistWinch_Moment	ImportS7Device.CBM.MainHoistWinch_Moment	27565544	0.023173187952382258	0.5542030290685652
11	11	Drives.Hoist_Status.ActualCurrent	ImportS7Device.Drives.Hoist_Status.ActualCurrent	21035468	0.0176836290127386	0.5718866580813038
12	12	General.HoistLoadPctSWL	ImportS7Device.General.HoistLoadPctSWL	20033189	0.016841055412604836	0.5887277134939086
13	13	General.SlewMoment	ImportS7Device.General.SlewMoment	18783112	0.015790168505531638	0.6045178819994402
14	14	Drives.Boom_Status.ActualTorque	ImportS7Device.Drives.Boom_Status.ActualTorque	16916638	0.014221102688791917	0.6187389846882322
15	15	Drives.Hoist_Status.ActualSpeed	ImportS7Device.Drives.Hoist_Status.ActualSpeed	14183770	0.01192369604907347	0.6306626807373056
16	16	Drives.Boom_Status.ActualCurrent	ImportS7Device.Drives.Boom_Status.ActualCurrent	13263477	0.011150044614504947	0.6418127253518106
17	17	Drives.SlewA_Status.ActualTorque	ImportS7Device.Drives.SlewA_Status.ActualTorque	12192955	0.010250102008142447	0.652062827359953
18	18	Drives.SlewB_Status.ActualTorque	ImportS7Device.Drives.SlewB_Status.ActualTorque	12029450	0.010112650264177073	0.6621754776241301
19	19	Drives.Hoist_Control.SpeedReference	ImportS7Device.Drives.Hoist_Control.SpeedReference	11572466	0.009728483126999173	0.6719039607511292
20	20	Drives.Hoist_Status.ActualPower	ImportS7Device.Drives.Hoist_Status.ActualPower	11278013	0.009480948933146775	0.681384909684276
21	21	Drives.SlewA_Status.ActualSpeed	ImportS7Device.Drives.SlewA_Status.ActualSpeed	10186122	0.008563042311513818	0.6899479519957898
22	22	Drives.SlewB_Status.ActualSpeed	ImportS7Device.Drives.SlewB_Status.ActualSpeed	10049808	0.008448448892187828	0.6983964008879777
23	23	Joysticks.Hoist	ImportS7Device.Joysticks.Hoist	9511574	0.007995978313542164	0.7063923792015199
24	24	General.WindDirectionCrane	ImportS7Device.General.WindDirectionCrane	9342351	0.007853719688612941	0.7142460988901328
25	25	Drives.Boom_Status.ActualSpeed	ImportS7Device.Drives.Boom_Status.ActualSpeed	9339220	0.007851087589225427	0.7220971864793583
26	26	General.WindDirectionPlatform	ImportS7Device.General.WindDirectionPlatform	9179517	0.007716832025991873	0.7298140185053501
27	27	General.PedestalMoment	ImportS7Device.General.PedestalMoment	9137033	0.007681117522517209	0.7374951360278673
28	28	CBM.SlewBearing_Moment	ImportS7Device.CBM.SlewBearing_Moment	9059053	0.007615563031862979	0.7451106990597303
29	29	CBM.SlewGear_Moment	ImportS7Device.CBM.SlewGear_Moment	8980169	0.007549248586610756	0.752659947646341
30	30	Energy.PACA.TotalActivePower	ImportS7Device.Energy.PACA.TotalActivePower	8667226	0.007286170631124648	0.7599461182774657
